Street Name,Zip Code
5th Street   ,04103
6th Street   ,04103
8th Street   ,04103
9th Street   ,04103
A Street   ,04102
Abbott Street   ,04103
Abby Lane   ,04103
Acorn Knoll   ,04101
Adams Street   ,04101
Adelaide Street   ,04103
Al McKay Avenue   ,04102
Alba Street   ,04103
Albion Street   ,04102
Alden Circle   ,04102
Alder Street   ,04101
Aldworth Street   ,04103
Alice Court   ,04102
Alice Street   ,04102
Alice Street   ,04103
Allen Avenue   ,04103
Allison Avenue   ,04103
Alpine Road   ,04103
Alton Street   ,04103
Amherst Street   ,04103
Anderson Avenue   ,04109
Anderson Street   ,04101
Anson Road   ,04102
Anthony Road   ,04103
Appleledge Drive   ,04103
Appletree Court   ,04103
Arbor Street   ,04103
Arcadia Street   ,04103
Ardmore Street   ,04103
Arlington Place   ,04101
Arlington Street   ,04101
Armstrong Hts   ,04103
Arthur Street   ,04103
Arundel Road   ,04103
Ashlar Court   ,04103
Ashley Lane   ,04103
Ashmont Street   ,04103
Aspen Drive   ,04102
Atlantic Street   ,04101
Auburn Street   ,04103
Auburn Terrace   ,04103
Austin Street   ,04103
Autumn Lane   ,04103
Avalon Road   ,04103
Avalon Terrace   ,04103
Avon Place   ,04101
Avon Street   ,04101
Back Cove Estate   ,04103
Bailey Avenue   ,04103
Bakery Lane   ,04109
Ballpark Drive   ,04103
Bancroft Court   ,04102
Bancroft Street   ,04102
Barclay Avenue   ,04103
Bartlett Street   ,04103
Bartley Avenue   ,04103
Basket Lane   ,04103
Bates Court   ,04103
Bates Street   ,04103
Baxter Boulevard   ,04101
Baxter Boulevard   ,04103
Bay Avenue   ,04109
Bay Side Terrace   ,04101
Bay Street   ,04103
Bay Street Exd   ,04103
Bay View Drive   ,04103
Bay View Terrace   ,04103
Bayside Terrace   ,04101
Beach Street   ,04101
Beacon Street   ,04103
Beal Street   ,04103
Beaumont Street   ,04103
Beckett Street   ,04101
Bedell Street   ,04103
Bedford Street   ,04101
Bedford Street   ,04102
Belden Street   ,04103
Belfield Street   ,04103
Belfort Street   ,04103
Belknap Street   ,04103
Bell Street   ,04103
Belmeade Road   ,04101
Belmont Street   ,04101
Berkeley Street   ,04103
Berkshire Road   ,04103
Bernard Road   ,04103
Berry Avenue   ,04103
Berwick Street   ,04103
Best Street   ,04103
Beverly Street   ,04103
Birchvale Drive   ,04102
Birchwood Avenue   ,04109
Birchwood Drive   ,04102
Birchwood Drive   ,04109
Bishop Street   ,04103
Bismark Street   ,04103
Blackstrap Road   ,04103
Blueberry Road   ,04102
Blyth Court   ,04102
Bolton Street   ,04102
Bond Street   ,04102
Bonny Street   ,04103
Boody Street   ,04102
Bowdoin Street   ,04102
Boyd Street   ,04101
Boynton Street   ,04102
Brackett Street   ,04102
Braddish Court   ,04103
Bradley Street   ,04103
Bradley Street   ,04102
Braeburn Road   ,04103
Braintree Street   ,04103
Bramblewood Drive   ,04103
Bramhall Court   ,04103
Bramhall Street   ,04102
Bramhall Terrace   ,04103
Brandon Street   ,04103
Brattle Street   ,04101
Brentwood Street   ,04103
Brewer Street   ,04102
Brewster Street   ,04103
Briarwood Lane   ,04103
Briggs Street   ,04102
Brighton Avenue   ,04102
Brighton Avenue   ,04103
Broadway   ,04103
Brook Road   ,04103
Brookside Lane   ,04103
Brookside Road   ,04103
Brookview Terrace   ,04102
Brown Street   ,04101
Bryant Street   ,04103
Buca Run Road   ,04103
Burnham Street   ,04102
Burnside Avenue   ,04103
Buttonwood Lane   ,04102
Byfield Road   ,04103
C Street   ,04102
Cabot Street   ,04102
Caddie Lane   ,04103
Caldwell Street   ,04103
Caleb Street   ,04102
Calumet Avenue   ,04109
Cambridge Street   ,04103
Campbell Road   ,04103
Canco Road   ,04103
Candlewyck Road   ,04102
Candlewyck Terrace   ,04102
Capisic Street   ,04102
Captain's Lndg   ,04102
Caribou Street   ,04102
Carleton Street   ,04102
Carlyle Road   ,04103
Caron Street   ,04103
Carriage Lane   ,04103
Carroll Street   ,04102
Carter Street   ,04103
Casco Street   ,04101
Castine   ,04103
Castine Avenue   ,04103
Catherine Street   ,04102
Cedar Street   ,04101
Cedarhurst Lane   ,04102
Celebration Court   ,04102
Center Street   ,04101
Chadwick Street   ,04102
Chamberlain Avenue   ,04101
Chandlers Wharf   ,04101
Chapel Street   ,04101
Chapman Street   ,04103
Charles Street   ,04102
Chenery Street   ,04103
Cherry Street   ,04102
Chesley Avenue   ,04103
Chester Street   ,04103
Chestnut Street   ,04101
Christy Road   ,04103
Church Street   ,04101
Churchill Street   ,04103
City Center   ,04101
City View Avenue   ,04109
Cityview Road   ,04109
Clairmont Court   ,04103
Clapboard Road   ,04103
Clark Street   ,04102
Clayton Street   ,04103
Cleeve Street   ,04101
Cleveland Street   ,04103
Cliff Street   ,04102
Clifford Street   ,04102
Clifton Street   ,04101
Clifton Street   ,04103
Clinton Street   ,04103
Coachlight Lane   ,04102
Coast Lane   ,04103
Cobb Avenue   ,04102
Cobbert Road   ,04102
Codman Street   ,04103
College Street   ,04103
Colonial Court   ,04102
Colonial Road   ,04102
Columbia Road   ,04103
Columbia Terrace   ,04103
Commercial Street   ,04102
Commercial Street   ,04101
Commonwealth Drive   ,04103
Conant Street   ,04101
Concord Street   ,04103
Congress Street   ,04102
Congress Street   ,04101
Continental Drive   ,04103
Coolidge Avenue   ,04103
Copley Woods Circle   ,04103
Copley Woods Circle Prvt   ,04103
Corless   ,04103
Cornell Street   ,04103
Cottage Park Road   ,04103
Cottage Street   ,04103
Cotton Street   ,04101
Country Lane   ,04103
County Way   ,04103
County Way   ,04102
Cove Street   ,04101
Coveside Drive   ,04109
Coyle Street   ,04103
Coyle Street   ,04101
Craigie Street   ,04102
Cranston Street   ,04103
Crescent Avenue   ,04109
Crescent Street   ,04102
Cresfeld Terrace   ,04103
Crestview Drive   ,04103
Croquet Lane   ,04103
Crosby Street   ,04103
Cross Street   ,04101
Cumberland Avenue   ,04101
Cummings Street   ,04103
Curtis Road   ,04103
Cushing Court   ,04103
Cushman Street   ,04102
Custom House Street   ,04101
Custom House Wharf   ,04101
Cypress Street   ,04103
Daggett Street   ,04103
Dakota Street   ,04103
Dale Court   ,04102
Dale Street   ,04102
Dalton Street   ,04103
Dana Street   ,04101
Danforth Place   ,04102
Danforth Street   ,04101
Danforth Street   ,04102
Dartmouth Street   ,04101
Dartmouth Street   ,04103
Dartmouth Street   ,04102
David Road   ,04102
Davis Farm Road   ,04103
Davis Street   ,04102
Dayton Street   ,04103
Deane Street   ,04102
Deblois Street   ,04103
Dedham Street   ,04103
Deepwood Drive   ,04103
Deerfield Road   ,04101
Deering Avenue   ,04102
Deering Avenue   ,04101
Deering Avenue   ,04103
Deering Oaks   ,04101
Deering Place   ,04101
Deering Run Drive   ,04103
Deering Street   ,04101
Delaware Court   ,04103
Demerest Street   ,04103
Dennett Street   ,04102
Derby Road   ,04103
Dermot Court   ,04102
Devon Street   ,04102
Devonshire Street   ,04103
Devonshire Street   ,04101
Diamond Avenue   ,04109
Diamond Shore Road   ,04109
Diamond Street   ,04101
Dibiase Street   ,04103
Dingley Court   ,04103
Dirigo Street   ,04102
Dole Drive   ,04103
Donald Street   ,04102
Dorothy Street   ,04103
Dorset Street   ,04102
Douglass Circle   ,04102
Dover Avenue   ,04103
Dow Street   ,04102
Drake Street   ,04103
Dresden Court   ,04103
Dudley Street   ,04103
Durham Street   ,04102
Durham Street   ,04101
E E Cove Street   ,04101
E Kidder Street   ,04103
E Lancaster Street   ,04101
E Side Drive   ,04109
Eastern Promenade   ,04101
Eastfield Road   ,04102
Eastlawn Road   ,04103
Eastman Avenue   ,04103
Eben Hill Drive   ,04103
Edgecomb Court   ,04103
Edgewood Avenue   ,04103
Edgeworth Avenue   ,04103
Edwards Street   ,04102
Elbert Lane   ,04103
Elbert Street   ,04103
Eleanor Street   ,04103
Elizabeth Road   ,04102
Elizabeth Road   ,04109
Ellsworth Street   ,04102
Elm Street   ,04101
Elmwood Street   ,04103
Emerson Street   ,04101
Emery Street   ,04102
Emmons Street   ,04103
Epping Street   ,04103
Essex Street   ,04102
Euclid Avenue   ,04103
Everett Street   ,04101
Evergreen Drive   ,04103
Exchange Street   ,04101
Exeter Street   ,04102
Fairfield Street   ,04103
Fairmount Street   ,04103
Fairview Street   ,04102
Fall Brook Street   ,04103
Fall Lane   ,04103
Falmouth Street   ,04103
Falmouth Street   ,04102
Farmhouse   ,04103
Farnham Street   ,04103
Farragut Street   ,04103
Fayette Street   ,04103
Federal Street   ,04101
Feeney Way   ,04103
Felicia Lane   ,04103
Fellows Street   ,04103
Fenway Street   ,04102
Fernald Street   ,04103
Fernald Terrace   ,04103
Fessenden Avenue   ,04109
Fessenden Street   ,04103
Fieldstone Court   ,04103
Fisher Street   ,04103
Fiske Street   ,04103
Fleetwood Street   ,04102
Fletcher Street   ,04102
Florence Street   ,04103
Florida Avenue   ,04103
Fobes Street   ,04103
Fore River Pkwy   ,04102
Fore Street   ,04101
Forest Avenue   ,04103
Forest Avenue   ,04101
Forest Circle   ,04103
Forest Park   ,04101
Forest Street   ,04102
Four Winds Road   ,04102
Fox Street   ,04101
Frances Street   ,04102
Franklin Street   ,04101
Frederic Street   ,04102
Frederick Street   ,04102
Free Street   ,04101
Freeman Street   ,04103
Frigate Lane   ,04103
Front Street   ,04103
Frost Hill Road   ,04103
Frost Street   ,04102
Frye Street   ,04103
Fuller Street   ,04103
Gable Court   ,04103
Galvin Street   ,04103
Garrison Street   ,04102
Garrison Street Exn   ,04102
Garsoe Drive   ,04103
Gay Street   ,04103
George Street   ,04103
Georgia Street   ,04103
Gertrude Avenue   ,04103
Gilbert Lane   ,04101
Gilman Place   ,04102
Gilman Street   ,04102
Gleckler Road   ,04103
Glengarden Street   ,04103
Glenhaven Road E   ,04102
Glenhaven Road W   ,04102
Glenridge   ,04102
Glenridge Drive   ,04102
Glenridge Street   ,04102
Glenwood Avenue   ,04103
Godfrey Street   ,04102
Goodale Street   ,04103
Goodridge Avenue   ,04103
Gorges Avenue   ,04109
Gorges Street   ,04102
Gould Street   ,04101
Grace Street   ,04103
Grace Street Place   ,04103
Grafton Street   ,04103
Graham Terrace   ,04103
Grand Street   ,04101
Granite Street   ,04102
Grant Street   ,04101
Grasmere Road   ,04101
Gray Street   ,04102
Gray Street   ,04101
Grayhurst Park   ,04102
Graystone Lane   ,04103
Greeley Street   ,04102
Greenleaf Street   ,04101
Greenwood Lane   ,04103
Grove Street   ,04103
Groveside Road   ,04102
Guiles Street   ,04101
Guilford Court   ,04101
Hale Street   ,04103
Halet Street   ,04102
Hall Court   ,04101
Hall Street   ,04103
Hamblet Avenue   ,04103
Hamlin Court   ,04102
Hammond Street   ,04101
Hampshire Street   ,04101
Hancock Street   ,04101
Hanover Street   ,04101
Hanson S Lane   ,04101
Hanson Street   ,04103
Harmon Road   ,04102
Harmony Street   ,04103
Harris Avenue   ,04103
Harry Harmon Drive   ,04102
Hartley Street   ,04103
Harvard Street   ,04103
Harvey Street   ,04102
Haskell Street   ,04103
Hastings Street   ,04102
Haverty Park   ,04103
Havertys Way   ,04103
Hawthorne Street   ,04103
Haywood Street   ,04102
Heather Road   ,04103
Helene Street   ,04103
Hemingway Street   ,04103
Hemlock Street   ,04102
Hennessy Drive   ,04103
Henry Street   ,04101
Heritage Court   ,04102
Hersey Street   ,04103
Hicks Street   ,04103
Higgins Street   ,04103
High Street   ,04101
High Street Court   ,04101
Highland Street   ,04103
Hill Street   ,04102
Hillcrest Avenue   ,04102
Hillcrest Circle   ,04103
Hillcrest Road   ,04109
Hillcrest W   ,04103
Hillis Street   ,04103
Hillside Road   ,04103
Hingham Street   ,04103
Hobart Street   ,04102
Hodgins Street   ,04103
Holiday Drive   ,04103
Hollis Road   ,04103
Holly Street   ,04103
Holm Avenue   ,04102
Holwell Street   ,04103
Holyoke Wharf   ,04101
Homestead Avenue   ,04103
Hope Avenue   ,04103
Hope Lane   ,04103
Horton Place   ,04102
Houlton Street   ,04102
Howard Street   ,04101
Hoyts Lane   ,04101
Humbolt Street   ,04103
Hunt Street   ,04103
Huntington Avenue   ,04103
Huntress Street   ,04102
Hussey Lane   ,04109
Hutchins Drive   ,04102
Hyde Street   ,04103
Idaho Street   ,04103
Iffley Street   ,04103
Illsley Street   ,04103
India Street   ,04101
Industrial Way   ,04103
Ingalls Road   ,04109
Ingalls Road   ,04103
Ingersoll Drive   ,04103
International Pkwy   ,04102
Inverness Street   ,04103
Irving Street   ,04103
Island Street   ,04103
Ivaloo Street   ,04103
Ivy Street   ,04102
Jackson Street   ,04103
James Street   ,04103
Jarita Court   ,04103
Jeanne Court   ,04102
Jeanne Street   ,04102
Jersey Avenue   ,04103
Jetport Boulevard   ,04102
Johansen Street   ,04103
Johnson Road   ,04102
Jordan Street   ,04103
Joseph Avenue   ,04103
Josslyn Street   ,04102
Joy Place   ,04102
June Street   ,04102
Junior Street   ,04103
Juniper Street   ,04103
Kansas Avenue   ,04103
Kellogg Street   ,04101
Kendall Street   ,04103
Kenilworth Street   ,04102
Kennebec Street   ,04101
Kennedy Park   ,04101
Kenneth Street   ,04103
Kensington Street   ,04103
Kent Street   ,04102
Kenwood Street   ,04102
Kimberly Court   ,04103
Kineo Street   ,04103
King Street   ,04103
Kingsmark Lane   ,04102
Knight Street   ,04103
Label Avenue   ,04103
Lafayette Street   ,04101
Lambert Street   ,04103
Lancaster Street   ,04101
Lane Avenue   ,04103
Lassell Street   ,04102
Lawn Avenue   ,04103
Lawrence Avenue   ,04103
Leeman Street   ,04103
Leighton Avenue   ,04103
Leisure Lane   ,04103
Leland Street   ,04103
Lennox Street   ,04103
Leonard Street   ,04103
Lester Drive   ,04103
Levia Street   ,04102
Lewis Street   ,04102
Lexington Avenue   ,04103
Libby Street   ,04103
Liberty Way   ,04103
Lincoln Street   ,04103
Linden Street   ,04103
Little Road   ,04102
Lloyd Avenue   ,04103
Locust Street   ,04101
Lomond Street   ,04102
Long Wharf   ,04101
Longfellow Street   ,04103
Longview Drive   ,04103
Longwood Drive   ,04102
Longwood Terrace   ,04102
Loraine Street   ,04103
Lorenzo Street   ,04102
Loring Avenue   ,04103
Lowell Street   ,04102
Lucas Street   ,04102
Ludlow Street   ,04103
Ludlow Street   ,04102
Ludlow Terrace   ,04102
Luke Street   ,04103
Lynda Road   ,04103
Lynn Street   ,04103
Mabel Street   ,04103
Mac Millan Road   ,04102
Machigonne Street   ,04102
Mackworth Street   ,04103
Macy Street   ,04102
Madeline Street   ,04103
Madison Street   ,04101
Maggie Lane   ,04103
Magnolia Street   ,04103
Main Street   ,04102
Maine Avenue   ,04103
Majors Court   ,04103
Malilly Road   ,04103
Maple Street   ,04101
Maplewood Street   ,04103
Marginal Way   ,04101
Marion Street   ,04101
Maritime Lane   ,04103
Market Street   ,04101
Marlborough Road   ,04103
Marlow Street   ,04103
Marshall Street   ,04102
Martin Road   ,04103
Mason Street   ,04103
Massachusetts Avenue   ,04102
Matthews Street   ,04103
May Street   ,04102
Mayer Road   ,04102
Mayfield Street   ,04103
Mayland Street   ,04103
Mayo Street   ,04101
McAllister Farms Road   ,04103
McAuley Road   ,04109
McKinley Court   ,04109
Meadow Avenue   ,04109
Meadow Lane   ,04103
Meadowbrook Lane   ,04102
Mechanic Place   ,04101
Melbourne Street   ,04101
Mellen Street   ,04101
Melody Lane   ,04103
Melrose Street   ,04101
Merchants Wharf Street   ,04101
Meriline Avenue   ,04102
Merriam Street   ,04103
Merrill Street   ,04101
Merrymeeting Drive   ,04103
Middle Street   ,04101
Milk Street   ,04101
Milliken Street   ,04103
Milton Street   ,04103
Mitton Street   ,04102
Mona Road   ,04103
Monroe Court   ,04101
Monroe Street   ,04101
Montgomery Street   ,04101
Montreal Street   ,04101
Montrose Avenue   ,04103
Monument Square   ,04101
Monument Street   ,04101
Monument Way   ,04101
Moody Street   ,04101
Moon Garden Way   ,04109
Morgan Court   ,04103
Morning Street   ,04101
Morrill Street   ,04103
Morse Street   ,04103
Motley Street   ,04102
Moulton Street   ,04101
Mountfort Street   ,04101
Mugwhy   ,04103
Munjoy S   ,04101
Munjoy Street   ,04101
Murray Street   ,04103
Myrtle Street   ,04101
N Boyd Street   ,04101
Nancy Lane   ,04109
Neal Street   ,04102
Nevada Avenue   ,04103
Nevens Street   ,04103
New Street   ,04103
Newberry Street   ,04101
Newbury Street   ,04101
Newcomb Street   ,04103
Newman Street   ,04103
Newton Street   ,04103
Nicholas Court   ,04103
Nicholas Street   ,04109
North Street   ,04101
Northprot Drive   ,04103
Northwood Drive   ,04103
Norwood Street   ,04103
Nottingham Avenue   ,04103
Noyes Street   ,04103
Nye Street   ,04101
Oak Street   ,04101
Oakdale Street   ,04103
Oakley Street   ,04103
Obrion Street   ,04101
Ocean Avenue   ,04103
Ohio Street   ,04103
Old Barn Lane   ,04103
Old Birch Lane   ,04103
Old Campus Drive   ,04103
Old Mast Road   ,04102
Olympia Street   ,04103
Orange Street   ,04102
Orchard Street   ,04102
Oregon Street   ,04103
Orkney Street   ,04103
Orland Street   ,04103
Orono Road   ,04102
Osgood Street   ,04102
Osprey Terrace   ,04103
Ottawa Avenue   ,04109
Overset Road   ,04103
Oxford Street   ,04101
Palmer Avenue   ,04103
Pamela Road   ,04103
Panoramic View Drive   ,04103
Par Drive   ,04103
Pari Place   ,04103
Park Avenue   ,04102
Park Avenue   ,04101
Park Street   ,04101
Parris Street   ,04101
Parsons Pond Drive   ,04103
Parsons Road   ,04103
Partridge Circle   ,04102
Partridge Road   ,04102
Patricia Lane   ,04103
Patrick Way   ,04103
Payson Street   ,04102
Pearl Street   ,04101
Pembroke Street   ,04103
Penn Avenue   ,04103
Pennell Avenue   ,04103
Pennsylvania Avenue   ,04103
Penrith Road   ,04102
Penwood Drive   ,04102
Percival Street   ,04103
Pershing Street   ,04103
Pheasant Hill Drive   ,04103
Phillips Road   ,04102
Phipps Road   ,04102
Pierce Avenue   ,04102
Pine Street   ,04101
Pine Street   ,04102
Pine Tree Industrial Pkwy   ,04102
Pinebrook Lane   ,04102
Pinecrest Road   ,04102
Pineledge Terrace   ,04103
Pineloch Drive   ,04103
Pinewood Road   ,04103
Pitt Street   ,04103
Pleasant Avenue   ,04103
Pleasant Cove Lane   ,04109
Pleasant Street   ,04101
Plowman Street   ,04101
Plymouth Street   ,04103
Poe Street   ,04102
Poland Street   ,04103
Ponce Street   ,04101
Popham Street   ,04102
Porch Street   ,04103
Portland Fish Pier   ,04101
Portland Pier   ,04101
Portland Square   ,04101
Portland Street   ,04101
Powsland Street   ,04102
Preble Street   ,04101
Prentiss Street   ,04103
Presnell Street   ,04102
Presumpscot Street   ,04103
Prim Street   ,04103
Primrose Lane   ,04103
Princeton Street   ,04103
Prospect Street   ,04103
Providence Street   ,04103
Purchas Street   ,04102
Pya Road   ,04103
Quaker Lane   ,04103
Quarry Road   ,04103
Quartermaster Court   ,04109
Quebec Street   ,04101
Quiet Lane   ,04103
Rabbit Run   ,04102
Racine Avenue   ,04103
Rackleff Street   ,04103
Rainbow Mall Road   ,04103
Rainmaker Drive   ,04103
Rand Road   ,04102
Rand Way   ,04109
Randall Street   ,04103
Randolph Street   ,04103
Range Street   ,04103
Ray Street   ,04103
Raymond Road   ,04102
Read Street   ,04103
Redlon Park Road   ,04102
Redlon Road   ,04102
Regan Lane   ,04103
Revere Street   ,04103
Rice Road   ,04103
Richardson Street   ,04103
Richmond Street   ,04103
Ricker Park   ,04101
Ridge Road   ,04103
Riggs Street   ,04102
River's Edge Drive   ,04102
Riverside Court   ,04103
Riverside Industrial Pkwy   ,04103
Riverside Street   ,04102
Riverside Street   ,04103
Riverton Drive   ,04103
Riverview Street   ,04102
Roaring Brook Road   ,04103
Roberts Street   ,04102
Robin Street   ,04102
Rockland Avenue   ,04102
Rockledge Avenue   ,04109
Romasco Lane   ,04101
Rosedale Street   ,04103
Rosemont Avenue   ,04103
Roundabout Lane   ,04102
Roundstone Way   ,04103
Rowe Avenue   ,04102
Ruby Lane   ,04103
Rudman Road   ,04102
Runnells Street   ,04103
Russell Street   ,04102
Rustic Lane   ,04103
S Grafton Street   ,04103
Saint George Street   ,04103
Saint James Street   ,04102
Saint John Street   ,04102
Saint Joseph Street   ,04103
Saint Jude Street   ,04103
Saint Lawrence Street   ,04101
Saint Street   ,04103
Salem Street   ,04102
Samuel Road   ,04103
Sanborn Street   ,04103
Sandy Beach Road   ,04109
Sandy Terrace   ,04102
Sara Lane   ,04103
Saugus Street   ,04103
Saunders Street   ,04103
Saville Street   ,04103
Savoy Street   ,04103
Sawyer Street   ,04103
School Street   ,04102
Schooner Lane   ,04103
Scott Street   ,04102
Seal Cove Lane   ,04109
Seeley Avenue   ,04103
Settlers Court   ,04103
Sewage Plant Road   ,04101
Sewall Street   ,04102
Shamrock Lane   ,04109
Sheffield Street   ,04102
Shepherd Lane   ,04103
Shepley Street   ,04101
Sherbrooke Street   ,04101
Sheridan Street   ,04101
Sherman Street   ,04101
Sherwood Street   ,04103
Shingle Way   ,04103
Shore Road   ,04109
Short Street   ,04103
Silver Street   ,04101
Skylark Road   ,04103
Slemons Road   ,04103
Smith Farm Lane   ,04103
Smith Street   ,04101
Somerset Street   ,04101
Sonnet Lane   ,04102
Sorrento Avenue   ,04109
Sorrento Road   ,04109
South Street   ,04101
Spar Lane   ,04102
Spring Avenue   ,04109
Spring Cove Avenue   ,04109
Spring Cove Lane   ,04109
Spring Street   ,04102
Spring Street   ,04101
Spring Street Place   ,04101
Springbrook Way   ,04103
Spruce Street   ,04102
Starbird Road   ,04102
Starlight Road   ,04102
State Route 100   ,04103
State Route 100   ,04101
State Route 22   ,04101
State Route 22   ,04102
State Route 25   ,04102
State Route 25   ,04103
State Route 26   ,04101
State Route 26   ,04103
State Route 77   ,04101
State Route 9   ,04103
State Route 9   ,04102
State Street   ,04101
State Street   ,04102
Stepping Stone Lane   ,04103
Stetson Court   ,04101
Stevens Avenue   ,04103
Stevens Avenue   ,04102
Stone Street   ,04101
Stonecrest Drive   ,04103
Stoneledge Drive   ,04102
Storer Street   ,04102
Stratton Place   ,04101
Stroudwater Road   ,04102
Stuart Street   ,04103
Sturdivant Drive   ,04103
Sullivan Street   ,04103
Sumac Street   ,04103
Summer Place   ,04103
Summer Street   ,04102
Summit Park Avenue   ,04103
Summit Street   ,04103
Sumner Court   ,04101
Sun Rise Lane   ,04109
Sunset Avenue   ,04109
Sunset Lane   ,04102
Surrenden Street   ,04101
Swan Street   ,04102
Sylvia Road   ,04103
Taft Avenue   ,04102
Talbot Street   ,04103
Tamarlane   ,04103
Tampa Street   ,04103
Tarbell Avenue   ,04103
Tate Street   ,04102
Taylor Street   ,04102
Temple Street   ,04101
Terrace Avenue   ,04102
Texas Street   ,04103
Thomas Street   ,04102
Thompsons Pt   ,04102
Tide Mill Road   ,04102
Toronita Street   ,04103
Torrey Street   ,04103
Tremaine Street   ,04103
Tremont Street   ,04103
True Street   ,04103
Tucker Avenue   ,04103
Turner Street   ,04101
Twin Knolls Lane   ,04102
Tyng Street   ,04102
Union Street   ,04101
Union Wharf   ,04101
University Street   ,04103
Upland Street   ,04103
US Highway 1   ,04103
US Highway 1   ,04102
US Highway 1   ,04101
US Highway 1a   ,04101
US Highway 302   ,04103
US Highway 302   ,04101
Vaill Street   ,04103
Valley Avenue   ,04109
Valley Street   ,04102
Van Vechten Street   ,04103
Vannah Avenue   ,04103
Vaughan Street   ,04102
Vera Street   ,04103
Veranda Street   ,04103
Vermont Avenue   ,04103
Vernon Place   ,04101
Verrill Street   ,04103
Vesper Street   ,04101
Victor Road   ,04103
Victoria Street   ,04103
View Street   ,04103
Violette Avenue   ,04102
Violette Hill Street   ,04102
Virginia Street   ,04103
W Commercial Street   ,04102
W Commonwealth Drive   ,04103
W Concord Street   ,04103
W Kidder Street   ,04103
W Lynne Avenue   ,04103
W Presumpscot Street W   ,04103
W Shore Drive   ,04109
Wadsworth Street   ,04103
Wakely Court   ,04103
Walch Drive   ,04103
Waldo Street   ,04102
Waldron Way   ,04103
Walker Street   ,04102
Wall Street   ,04103
Walnut Street   ,04101
Walton Court   ,04103
Walton Street   ,04103
Warren Avenue   ,04103
Warwick Street   ,04102
Washburn Avenue   ,04102
Washburn Avenue   ,04101
Washington Avenue   ,04101
Washington Avenue   ,04103
Washington Avenue Exd   ,04103
Waterville Street   ,04101
Watson Street   ,04103
Waverly Street   ,04103
Waymouth Street   ,04109
Wayne Street   ,04102
Wayside Road   ,04102
Webb Street   ,04102
Wedge Way   ,04103
Wellesley Ests   ,04103
Wellington Road   ,04103
Wellstone Drive   ,04103
Wellwood Road   ,04103
Wendell Street   ,04103
Wendy Way   ,04103
Wescott Street   ,04102
Wessex Street   ,04102
West Street   ,04102
Westbrook Street   ,04102
Western Promenade   ,04102
Westfield Street   ,04102
Westland Avenue   ,04102
Westlawn Road   ,04103
Westminster Avenue   ,04103
Weymouth Street   ,04109
Weymouth Street   ,04102
Weymouth Way   ,04109
Whaleboat Road   ,04103
Wharf Street   ,04101
White Birch Lane   ,04103
Whitehead Avenue   ,04109
Whitehead Circle   ,04103
Whitney Avenue   ,04102
Whittier Street   ,04103
Widgery Wharf   ,04101
Wildwood Circle   ,04103
Wilkie Street   ,04103
William Street   ,04103
Willis Street   ,04101
Willis Street   ,04109
Willow Lane   ,04102
Wilmot Street   ,04101
Wilson Street   ,04101
Winding Way   ,04102
Windsor Terrace   ,04103
Wingate Drive   ,04102
Winslow Street   ,04101
Winter Street   ,04102
Winthrop Street   ,04101
Wirt Street   ,04103
Wolcott Street   ,04102
Woodbury Street   ,04103
Woodfield Road   ,04102
Woodford Street   ,04103
Woodlawn Avenue   ,04103
Woodmere Road   ,04103
Woodmont Street   ,04102
Woodside Drive   ,04109
Woodvale Street   ,04102
Wordsworth Street   ,04103
Wright's Wharf   ,04101
Wyndham Street   ,04103
Wyoming Avenue   ,04103
Yale Street   ,04103
Yellowbird Road   ,04102
York Street   ,04102
York Street   ,04101